[
  {
    "city_id": 1,
    "is_open": 1,
    "id": 66,
    "slug": "rahat-market-zabrat-1001",
    "is_nfc": 0,
    "cash_in": 1,
    "type": "A",
    "working_weekends": 0,
    "is_digital": 0,
    "lat": "40.35889",
    "lng": "49.836771",
    "work_hours_week": "",
    "work_hours_saturday": "",
    "work_hours_sunday": "",
    "address": "Bakı şəhəri, Sabunçu rayonu Zabrat ŞTQ Babkək 110H",
    "name": "Rahat Market (Zabrat)",
    "working_days": [],
    "special_days": []
  },
  {
    "city_id": 1,
    "is_open": 1,
    "id": 68,
    "slug": "caspian-plaza-999",
    "is_nfc": 0,
    "cash_in": 1,
    "type": "A",
    "working_weekends": 0,
    "is_digital": 0,
    "lat": "40.385096",
    "lng": "49.828606",
    "work_hours_week": "",
    "work_hours_saturday": "",
    "work_hours_sunday": "",
    "address": "Bakı şəhəri, Cəfər Cabbarlı 44",
    "name": "Caspian Plaza",
    "working_days": [],
    "special_days": []
  },
  {
    "city_id": 1,
    "is_open": 1,
    "id": 69,
    "slug": "araz-market-memmedli-qesebesi-994",
    "is_nfc": 0,
    "cash_in": 1,
    "type": "A",
    "working_weekends": 0,
    "is_digital": 0,
    "lat": "40.497058",
    "lng": "49.949655",
    "work_hours_week": "",
    "work_hours_saturday": "",
    "work_hours_sunday": "",
    "address": "Bakı şəhəri, Sabunçu rayonu, Məmmədli qəsəbəsi",
    "name": "Araz market, Məmmədli qəsəbəsi",
    "working_days": [],
    "special_days": []
  },
  {
    "city_id": 1,
    "is_open": 1,
    "id": 80,
    "slug": "araz-market-sahil-qesebesi-978",
    "is_nfc": 0,
    "cash_in": 1,
    "type": "A",
    "working_weekends": 0,
    "is_digital": 0,
    "lat": "40.225486",
    "lng": "49.572477",
    "work_hours_week": "",
    "work_hours_saturday": "",
    "work_hours_sunday": "",
    "address": "Bakı şəhəri, Qaradağ rayonu, Sahil qəsəbəsi, M.Seyidov küçəsi",
    "name": "Araz Market, Sahil qəsəbəsi",
    "working_days": [],
    "special_days": []
  },
  {
    "city_id": 1,
    "is_open": 1,
    "id": 81,
    "slug": "heyder-eliyev-merkezi-977",
    "is_nfc": 0,
    "cash_in": 1,
    "type": "A",
    "working_weekends": 0,
    "is_digital": 0,
    "lat": "40.396549",
    "lng": "49.866436",
    "work_hours_week": "",
    "work_hours_saturday": "",
    "work_hours_sunday": "",
    "address": "Bakı şəhəri, Heydər Əliyev prospekti 1",
    "name": "Heydər Əliyev Mərkəzi",
    "working_days": [],
    "special_days": []
  },
  {
    "city_id": 1,
    "is_open": 1,
    "id": 91,
    "slug": "baki-olimpiya-stadionu-963",
    "is_nfc": 0,
    "cash_in": 1,
    "type": "A",
    "working_weekends": 0,
    "is_digital": 0,
    "lat": "40.40386506361755",
    "lng": "49.959494090694214",
    "work_hours_week": "",
    "work_hours_saturday": "",
    "work_hours_sunday": "",
    "address": "Bakı şəhəri, Heydər Əliyev prospekti 323",
    "name": "Bakı Olimpiya stadionu",
    "working_days": [],
    "special_days": []
  },
  {
    "city_id": 1,
    "is_open": 1,
    "id": 110,
    "slug": "yeni-lenkeran-hotel-987",
    "is_nfc": 0,
    "cash_in": 1,
    "type": "A",
    "working_weekends": 0,
    "is_digital": 0,
    "lat": "40.376661",
    "lng": "49.907014",
    "work_hours_week": "",
    "work_hours_saturday": "",
    "work_hours_sunday": "",
    "address": "Lənkəran şəhəri, Haftoni kəndi",
    "name": "Yeni Lənkəran Hotel",
    "working_days": [],
    "special_days": []
  },
  {
    "city_id": 1,
    "is_open": 1,
    "id": 112,
    "slug": "socar-neolit-934",
    "is_nfc": 0,
    "cash_in": 1,
    "type": "A",
    "working_weekends": 0,
    "is_digital": 0,
    "lat": "40.42198747926674",
    "lng": "49.842495693700705",
    "work_hours_week": "",
    "work_hours_saturday": "",
    "work_hours_sunday": "",
    "address": "Bakı şəhəri, Nizami rayonu, Oqtay Vəliyev küçəsi",
    "name": "SOCAR Neolit",
    "working_days": [],
    "special_days": []
  },
  {
    "city_id": 1,
    "is_open": 1,
    "id": 113,
    "slug": "vip-filial-933",
    "is_nfc": 0,
    "cash_in": 1,
    "type": "A",
    "working_weekends": 0,
    "is_digital": 0,
    "lat": "40.38124504",
    "lng": "49.8415248",
    "work_hours_week": "",
    "work_hours_saturday": "",
    "work_hours_sunday": "",
    "address": "Bakı şəhəri, Nəsimi rayonu, Bül-bül prospekti 60, Gulustan residence",
    "name": "VIP filial",
    "working_days": [],
    "special_days": []
  },
  {
    "city_id": 1,
    "is_open": 1,
    "id": 129,
    "slug": "pasha-sigorta-909",
    "is_nfc": 0,
    "cash_in": 1,
    "type": "A",
    "working_weekends": 0,
    "is_digital": 0,
    "lat": "40.357849",
    "lng": "49.834055",
    "work_hours_week": "",
    "work_hours_saturday": "",
    "work_hours_sunday": "",
    "address": "Bakı şəhəri, Səbail rayonu, M.Useynov 61",
    "name": "Paşa Sığorta",
    "working_days": [],
    "special_days": []
  },
  {
    "city_id": 1,
    "is_open": 1,
    "id": 132,
    "slug": "neftciler-kart-merkezi-filiali-906",
    "is_nfc": 0,
    "cash_in": 1,
    "type": "A",
    "working_weekends": 0,
    "is_digital": 0,
    "lat": "40.4095813",
    "lng": "49.94246237",
    "work_hours_week": "",
    "work_hours_saturday": "",
    "work_hours_sunday": "",
    "address": "Bakı şəhəri, Nizami rayonu, R. Rüstəmov küçəsi, 44D",
    "name": "Neftçilər kart mərkəzi filialı",
    "working_days": [],
    "special_days": []
  },
  {
    "city_id": 1,
    "is_open": 1,
    "id": 152,
    "slug": "azerbaycan-dovlet-iqtisad-universiteti-esas-korpus-884",
    "is_nfc": 0,
    "cash_in": 1,
    "type": "A",
    "working_weekends": 0,
    "is_digital": 0,
    "lat": "40.36744",
    "lng": "49.831941",
    "work_hours_week": "",
    "work_hours_saturday": "",
    "work_hours_sunday": "",
    "address": "Bakı şəhəri, Səbail rayonu, İstiqlaliyyət küçəsi 61",
    "name": "Azərbaycan Dövlət İqtisad Universiteti - Əsas korpus",
    "working_days": [],
    "special_days": []
  },
  {
    "city_id": 1,
    "is_open": 1,
    "id": 155,
    "slug": "baki-logistika-merkezi-absheron-port-878",
    "is_nfc": 0,
    "cash_in": 1,
    "type": "A",
    "working_weekends": 0,
    "is_digital": 0,
    "lat": "40.326666",
    "lng": "49.75998",
    "work_hours_week": "",
    "work_hours_saturday": "",
    "work_hours_sunday": "",
    "address": "Qaradağ rayonu, Lökbatan qəsəbəsi",
    "name": "Bakı logistika mərkəzi (Abşeron Port)",
    "working_days": [],
    "special_days": []
  },
  {
    "city_id": 1,
    "is_open": 1,
    "id": 159,
    "slug": "xarici-diller-universiteti-870",
    "is_nfc": 0,
    "cash_in": 1,
    "type": "A",
    "working_weekends": 0,
    "is_digital": 0,
    "lat": "40.37899641287628",
    "lng": "49.847006006925305",
    "work_hours_week": "",
    "work_hours_saturday": "",
    "work_hours_sunday": "",
    "address": "Bakı şəhəri, Nərimanov rayonu, Təbriz küç. 81",
    "name": "Xarici Dillər Universiteti",
    "working_days": [],
    "special_days": []
  },
  {
    "city_id": 1,
    "is_open": 1,
    "id": 177,
    "slug": "sabuncu-filiali-128",
    "is_nfc": 0,
    "cash_in": 1,
    "type": "A",
    "working_weekends": 0,
    "is_digital": 0,
    "lat": "40.432568",
    "lng": "49.960577",
    "work_hours_week": "",
    "work_hours_saturday": "",
    "work_hours_sunday": "",
    "address": "Sabunçu rayonu, Bаkıхаnov qəsəbəsi, Ə. Ağayev küçəsi 41",
    "name": "Sabunçu filialı",
    "working_days": [],
    "special_days": []
  },
  {
    "city_id": 1,
    "is_open": 1,
    "id": 179,
    "slug": "8-ci-mikrorayon-filiali",
    "is_nfc": 0,
    "cash_in": 1,
    "type": "A",
    "working_weekends": 0,
    "is_digital": 0,
    "lat": "40.421959",
    "lng": "49.842736",
    "work_hours_week": "",
    "work_hours_saturday": "",
    "work_hours_sunday": "",
    "address": "Bakı şəh Binəqədi rayonu, 8 mkr, İ. Dadaşov küçəsi 3158/3156-cı məhəllə",
    "name": "8-ci mikrorayon filialı",
    "working_days": [],
    "special_days": []
  },
  {
    "city_id": 1,
    "is_open": 1,
    "id": 180,
    "slug": "bineqedi-filiali-125",
    "is_nfc": 0,
    "cash_in": 1,
    "type": "A",
    "working_weekends": 1,
    "is_digital": 0,
    "lat": "40.409798",
    "lng": "49.80772",
    "work_hours_week": "",
    "work_hours_saturday": "",
    "work_hours_sunday": "",
    "address": "Nəsimi rayonu, Asif Məhərrəmov küçəsi 174",
    "name": "Binəqədi filialı",
    "working_days": [],
    "special_days": []
  },
  {
    "city_id": 1,
    "is_open": 1,
    "id": 189,
    "slug": "nesimi-rayonu-araz-market-821",
    "is_nfc": 0,
    "cash_in": 1,
    "type": "A",
    "working_weekends": 0,
    "is_digital": 0,
    "lat": "40.40128",
    "lng": "49.831547",
    "work_hours_week": "",
    "work_hours_saturday": "",
    "work_hours_sunday": "",
    "address": "Nəsimi rayonu, S.Vurğun 134 (Araz Market)",
    "name": "Nəsimi rayonu, Araz Market",
    "working_days": [],
    "special_days": []
  },
  {
    "city_id": 1,
    "is_open": 1,
    "id": 190,
    "slug": "azerbaycan-tibb-universiteti-820",
    "is_nfc": 0,
    "cash_in": 1,
    "type": "A",
    "working_weekends": 0,
    "is_digital": 0,
    "lat": "40.394917",
    "lng": "49.833338",
    "work_hours_week": "",
    "work_hours_saturday": "",
    "work_hours_sunday": "",
    "address": "Nəsimi rayonu, S.Vurğun 167 (Azərbaycan Tibb Universiteti)",
    "name": "Azərbaycan Tibb Universiteti",
    "working_days": [],
    "special_days": []
  },
  {
    "city_id": 1,
    "is_open": 1,
    "id": 191,
    "slug": "bakixanov-filiali-817",
    "is_nfc": 0,
    "cash_in": 1,
    "type": "A",
    "working_weekends": 0,
    "is_digital": 0,
    "lat": "40.41672924431894",
    "lng": "49.96523599558729",
    "work_hours_week": "",
    "work_hours_saturday": "",
    "work_hours_sunday": "",
    "address": "Sabunçu ray. Bakıxanov qəs. S. Qocayev küç. 13",
    "name": "Bakıxanov filialı",
    "working_days": [],
    "special_days": []
  },
  {
    "city_id": 1,
    "is_open": 1,
    "id": 192,
    "slug": "xezer-ray-lezzet-shirniyyat-evi-815",
    "is_nfc": 0,
    "cash_in": 1,
    "type": "A",
    "working_weekends": 0,
    "is_digital": 0,
    "lat": "40.487128",
    "lng": "50.165265",
    "work_hours_week": "",
    "work_hours_saturday": "",
    "work_hours_sunday": "",
    "address": "Bakı şəh. Xəzər ray., Yesenin küç. 56 (“Ləzzət Cake House”)",
    "name": "Xəzər  ray. lezzet şirniyyat evi",
    "working_days": [],
    "special_days": []
  },
  {
    "city_id": 1,
    "is_open": 1,
    "id": 227,
    "slug": "ada-universiteti-941",
    "is_nfc": 0,
    "cash_in": 1,
    "type": "A",
    "working_weekends": 0,
    "is_digital": 0,
    "lat": "40.509253489080784",
    "lng": "50.16296028936152",
    "work_hours_week": "",
    "work_hours_saturday": "",
    "work_hours_sunday": "",
    "address": "Nərimanov rayonu, Əhmədbəy Ağaoğlu küçəsi 11",
    "name": "ADA Universiteti",
    "working_days": [],
    "special_days": []
  },
  {
    "city_id": 1,
    "is_open": 1,
    "id": 230,
    "slug": "azerbaycan-texniki-universiteti-712",
    "is_nfc": 0,
    "cash_in": 1,
    "type": "A",
    "working_weekends": 0,
    "is_digital": 0,
    "lat": "40.369903",
    "lng": "49.814939",
    "work_hours_week": "",
    "work_hours_saturday": "",
    "work_hours_sunday": "",
    "address": "Yasamal rayonu, H. Cavid prospekti 25",
    "name": "Azərbaycan Texniki Universiteti",
    "working_days": [],
    "special_days": []
  },
  {
    "city_id": 1,
    "is_open": 1,
    "id": 238,
    "slug": "qara-qarayev-filiali-695",
    "is_nfc": 0,
    "cash_in": 1,
    "type": "A",
    "working_weekends": 0,
    "is_digital": 0,
    "lat": "40.417904",
    "lng": "49.934665",
    "work_hours_week": "",
    "work_hours_saturday": "",
    "work_hours_sunday": "",
    "address": "Nizami rayonu, Qara Qarayev prospekti 29",
    "name": "Qara Qarayev filialı",
    "working_days": [],
    "special_days": []
  },
  {
    "city_id": 1,
    "is_open": 1,
    "id": 261,
    "slug": "bolmart-nesimi-rayonu-585",
    "is_nfc": 0,
    "cash_in": 1,
    "type": "A",
    "working_weekends": 0,
    "is_digital": 0,
    "lat": "40.384029",
    "lng": "49.838089",
    "work_hours_week": "",
    "work_hours_saturday": "",
    "work_hours_sunday": "",
    "address": "Bakı şəhəri, Nəsimi rayonu, Səməd Vurğun küçəsi 75",
    "name": "Bolmart, Nəsimi rayonu",
    "working_days": [],
    "special_days": []
  },
  {
    "city_id": 1,
    "is_open": 1,
    "id": 264,
    "slug": "genclik-mall-581",
    "is_nfc": 0,
    "cash_in": 1,
    "type": "A",
    "working_weekends": 0,
    "is_digital": 0,
    "lat": "40.399986",
    "lng": "49.852837",
    "work_hours_week": "",
    "work_hours_saturday": "",
    "work_hours_sunday": "",
    "address": "Fətəli Xan Xoyski pr. 38, Gənclik Mall TM-nin -1-ci mərtəbəsi",
    "name": "Gənclik Mall",
    "working_days": [],
    "special_days": []
  },
  {
    "city_id": 1,
    "is_open": 1,
    "id": 268,
    "slug": "yasamal-filiali-172",
    "is_nfc": 0,
    "cash_in": 1,
    "type": "A",
    "working_weekends": 0,
    "is_digital": 0,
    "lat": "40.37247909866426",
    "lng": "49.8169990679617",
    "work_hours_week": "",
    "work_hours_saturday": "",
    "work_hours_sunday": "",
    "address": "Bakı şəhəri, Yasamal rayonu, Landau küçəsi 6",
    "name": "Yasamal filialı",
    "working_days": [],
    "special_days": []
  },
  {
    "city_id": 1,
    "is_open": 1,
    "id": 275,
    "slug": "247-elektron-xidmet-merkezi-n2-147",
    "is_nfc": 0,
    "cash_in": 1,
    "type": "A",
    "working_weekends": 0,
    "is_digital": 0,
    "lat": "40.40504312",
    "lng": "49.87049888",
    "work_hours_week": "",
    "work_hours_saturday": "",
    "work_hours_sunday": "",
    "address": "Nərimanov rayonu, A.Neymətulla küçəsi 54",
    "name": "24/7 Elektron Xidmət Mərkəzi N2",
    "working_days": [],
    "special_days": []
  },
  {
    "city_id": 1,
    "is_open": 1,
    "id": 277,
    "slug": "icerisheher-filiali-144",
    "is_nfc": 0,
    "cash_in": 1,
    "type": "A",
    "working_weekends": 0,
    "is_digital": 0,
    "lat": "40.39319784998859",
    "lng": "49.92725101157756",
    "work_hours_week": "",
    "work_hours_saturday": "",
    "work_hours_sunday": "",
    "address": "Bakı şəh Səbail rayonu, Bünyad Sərdarov küçəsi 14",
    "name": "İçərişəhər filialı",
    "working_days": [],
    "special_days": []
  },
  {
    "city_id": 1,
    "is_open": 1,
    "id": 278,
    "slug": "genclik-filiali-143",
    "is_nfc": 0,
    "cash_in": 1,
    "type": "A",
    "working_weekends": 0,
    "is_digital": 0,
    "lat": "40.401972",
    "lng": "49.848212",
    "work_hours_week": "",
    "work_hours_saturday": "",
    "work_hours_sunday": "",
    "address": "Nərimanov rayonu, Həsən Əliyev küçəsi, 889-cu məhəllə, ev 82",
    "name": "Gənclik filialı",
    "working_days": [],
    "special_days": []
  },
  {
    "city_id": 1,
    "is_open": 1,
    "id": 284,
    "slug": "qaradag-rayon-filiali-130",
    "is_nfc": 0,
    "cash_in": 1,
    "type": "A",
    "working_weekends": 0,
    "is_digital": 0,
    "lat": "40.320967",
    "lng": "49.737982",
    "work_hours_week": "",
    "work_hours_saturday": "",
    "work_hours_sunday": "",
    "address": "Qaradağ rayonu, Lökbatan qəsəbəsi, 28 May küçəsi",
    "name": "Qaradağ rayon filialı",
    "working_days": [],
    "special_days": []
  },
  {
    "city_id": 1,
    "is_open": 1,
    "id": 286,
    "slug": "ehmedli-filiali-123",
    "is_nfc": 0,
    "cash_in": 1,
    "type": "A",
    "working_weekends": 0,
    "is_digital": 0,
    "lat": "40.38656917",
    "lng": "49.95700391",
    "work_hours_week": "",
    "work_hours_saturday": "",
    "work_hours_sunday": "",
    "address": "Xətai rayonu, Sarayevo küçəsi, 7Q",
    "name": "Əhmədli filialı",
    "working_days": [],
    "special_days": []
  },
  {
    "city_id": 1,
    "is_open": 1,
    "id": 287,
    "slug": "nerimanov-rayon-filiali-121",
    "is_nfc": 0,
    "cash_in": 1,
    "type": "A",
    "working_weekends": 0,
    "is_digital": 0,
    "lat": "40.401187",
    "lng": "49.881676",
    "work_hours_week": "",
    "work_hours_saturday": "",
    "work_hours_sunday": "",
    "address": "Nərimanov rayonu, Əliyar Əliyev küçəsi 15",
    "name": "Nərimanov rayon filialı",
    "working_days": [],
    "special_days": []
  },
  {
    "city_id": 1,
    "is_open": 1,
    "id": 288,
    "slug": "xetai-filiali-120",
    "is_nfc": 0,
    "cash_in": 1,
    "type": "A",
    "working_weekends": 0,
    "is_digital": 0,
    "lat": "40.379852",
    "lng": "49.865684",
    "work_hours_week": "",
    "work_hours_saturday": "",
    "work_hours_sunday": "",
    "address": "Xətai rayonu, S.Orucov küçəsi 12",
    "name": "Xətai filialı",
    "working_days": [],
    "special_days": []
  },
  {
    "city_id": 1,
    "is_open": 1,
    "id": 291,
    "slug": "araz-market-statistika-komitesi-115",
    "is_nfc": 0,
    "cash_in": 1,
    "type": "A",
    "working_weekends": 0,
    "is_digital": 0,
    "lat": "40.383926",
    "lng": "49.822778",
    "work_hours_week": "",
    "work_hours_saturday": "",
    "work_hours_sunday": "",
    "address": "Yasamal rayonu, İnşaatçılar prospekti 31",
    "name": "Araz market, Statistika komitəsi",
    "working_days": [],
    "special_days": []
  },
  {
    "city_id": 26,
    "is_open": 1,
    "id": 404,
    "slug": "araz-market-xirdalan-sheh-592",
    "is_nfc": 0,
    "cash_in": 1,
    "type": "A",
    "working_weekends": 0,
    "is_digital": 0,
    "lat": "40.455727",
    "lng": "49.741585",
    "work_hours_week": "",
    "work_hours_saturday": "",
    "work_hours_sunday": "",
    "address": "Xırdalan şəh., 28 məhəllə, Mehdi Hüseynzadə küçəsi 7",
    "name": "Araz market, Xırdalan şəh",
    "working_days": [],
    "special_days": []
  },
  {
    "city_id": 1,
    "is_open": 1,
    "id": 409,
    "slug": "xezer-filiali-12",
    "is_nfc": 0,
    "cash_in": 1,
    "type": "A",
    "working_weekends": 0,
    "is_digital": 0,
    "lat": "40.48635014192187",
    "lng": "50.17038722017195",
    "work_hours_week": "",
    "work_hours_saturday": "",
    "work_hours_sunday": "",
    "address": "Xəzər rayonu, Şüvəlan qəsəbəsi, A.İldırım küçəsi 16",
    "name": "Xəzər filialı",
    "working_days": [],
    "special_days": []
  },
  {
    "city_id": 1,
    "is_open": 1,
    "id": 420,
    "slug": "makromart-bakixanov-qes-26",
    "is_nfc": 0,
    "cash_in": 1,
    "type": "A",
    "working_weekends": 0,
    "is_digital": 0,
    "lat": "40.424289",
    "lng": "49.959763",
    "work_hours_week": "",
    "work_hours_saturday": "",
    "work_hours_sunday": "",
    "address": "Sabunçu rayonu, Bakıxanov qəs., S.Mehmandarov küçəsi 28",
    "name": "Makromart, Bakıxanov qəs",
    "working_days": [],
    "special_days": []
  },
  {
    "city_id": 1,
    "is_open": 1,
    "id": 429,
    "slug": "hobby-market-ehmedli-46",
    "is_nfc": 1,
    "cash_in": 1,
    "type": "A",
    "working_weekends": 0,
    "is_digital": 0,
    "lat": "40.543586",
    "lng": "49.662951",
    "work_hours_week": "",
    "work_hours_saturday": "",
    "work_hours_sunday": "",
    "address": "Xətai rayonu, Aşıq Ələsgər küçəsi 2",
    "name": "Hobby market, Əhmədli",
    "working_days": [],
    "special_days": []
  },
  {
    "city_id": 1,
    "is_open": 1,
    "id": 455,
    "slug": "premium-market-nesimi-rayonu-80",
    "is_nfc": 0,
    "cash_in": 1,
    "type": "A",
    "working_weekends": 0,
    "is_digital": 0,
    "lat": "40.393708",
    "lng": "49.839605",
    "work_hours_week": "",
    "work_hours_saturday": "",
    "work_hours_sunday": "",
    "address": "Nəsimi rayonu, Süleyman Rüstəm küçəsi 61",
    "name": "Premium market, Nəsimi rayonu",
    "working_days": [],
    "special_days": []
  },
  {
    "city_id": 1,
    "is_open": 1,
    "id": 461,
    "slug": "28-mall-1-ci-mert-90",
    "is_nfc": 0,
    "cash_in": 1,
    "type": "A",
    "working_weekends": 0,
    "is_digital": 0,
    "lat": "40.37899641287628",
    "lng": "49.847006006925305",
    "work_hours_week": "",
    "work_hours_saturday": "",
    "work_hours_sunday": "",
    "address": "Nəsimi rayonu, Füzuli küçəsi ilə Azadlıq prospektinin kəsişməsi",
    "name": "28 Mall, 1-ci mərt.",
    "working_days": [],
    "special_days": []
  },
  {
    "city_id": 1,
    "is_open": 1,
    "id": 469,
    "slug": "4-sayli-asan-xidmet-merkezi-106",
    "is_nfc": 0,
    "cash_in": 1,
    "type": "A",
    "working_weekends": 0,
    "is_digital": 0,
    "lat": "40.421448",
    "lng": "49.969298",
    "work_hours_week": "",
    "work_hours_saturday": "",
    "work_hours_sunday": "",
    "address": "Sabunçu rayonu, Bakıxanov qəsəbəsi, Sülh küçəsi 8 A",
    "name": "4 saylı ASAN xidmət mərkəzi",
    "working_days": [],
    "special_days": []
  },
  {
    "city_id": 26,
    "is_open": 1,
    "id": 482,
    "slug": "absheron-rayon-filiali-169",
    "is_nfc": 0,
    "cash_in": 1,
    "type": "A",
    "working_weekends": 0,
    "is_digital": 0,
    "lat": "40.45269819",
    "lng": "49.75134388",
    "work_hours_week": "",
    "work_hours_saturday": "",
    "work_hours_sunday": "",
    "address": "Abşeron rayonu, Xırdalan şəhəri, Qəzənfər Musabəyov küçəsi 22",
    "name": "Abşeron rayon filialı",
    "working_days": [],
    "special_days": []
  },
  {
    "city_id": 55,
    "is_open": 1,
    "id": 486,
    "slug": "sumqayit-filiali-191",
    "is_nfc": 0,
    "cash_in": 1,
    "type": "A",
    "working_weekends": 0,
    "is_digital": 0,
    "lat": "40.580124",
    "lng": "49.672601",
    "work_hours_week": "",
    "work_hours_saturday": "",
    "work_hours_sunday": "",
    "address": "Sumqayıt şəhəri, C. Cabbarlı küçəsi 1 (40-cı məhəllə)",
    "name": "Sumqayıt filialı",
    "working_days": [],
    "special_days": []
  },
  {
    "city_id": 55,
    "is_open": 1,
    "id": 491,
    "slug": "bazarstore-877",
    "is_nfc": 0,
    "cash_in": 1,
    "type": "A",
    "working_weekends": 0,
    "is_digital": 0,
    "lat": "40.575677",
    "lng": "49.679396",
    "work_hours_week": "",
    "work_hours_saturday": "",
    "work_hours_sunday": "",
    "address": "Sumqayıt şəhəri, Bakı küç 47",
    "name": "Bazarstore",
    "working_days": [],
    "special_days": []
  },
  {
    "city_id": 55,
    "is_open": 1,
    "id": 501,
    "slug": "qubadli-filiali-207",
    "is_nfc": 0,
    "cash_in": 1,
    "type": "A",
    "working_weekends": 0,
    "is_digital": 0,
    "lat": "40.590459",
    "lng": "49.66699",
    "work_hours_week": "",
    "work_hours_saturday": "",
    "work_hours_sunday": "",
    "address": "Sumqayıt şəhəri, 17-ci məhəllə, H.Əliyev prospekti 11/38, sahə 7",
    "name": "Qubadlı filialı",
    "working_days": [],
    "special_days": []
  },
  {
    "city_id": 20,
    "is_open": 1,
    "id": 537,
    "slug": "gence-filiali-24-7-elektron-xidmet-merkezi-807",
    "is_nfc": 0,
    "cash_in": 1,
    "type": "A",
    "working_weekends": 0,
    "is_digital": 0,
    "lat": "40.675464",
    "lng": "46.360352",
    "work_hours_week": "",
    "work_hours_saturday": "",
    "work_hours_sunday": "",
    "address": "Gəncə şəhəri, Cavadxan küçəsi 24",
    "name": "Gəncə filialı, 24 7 Elektron Xidmət Mərkəzi",
    "working_days": [],
    "special_days": []
  },
  {
    "city_id": 17,
    "is_open": 1,
    "id": 562,
    "slug": "azergold-covdar-kendi-997",
    "is_nfc": 0,
    "cash_in": 1,
    "type": "A",
    "working_weekends": 0,
    "is_digital": 0,
    "lat": "40.596002",
    "lng": "46.091179",
    "work_hours_week": "",
    "work_hours_saturday": "",
    "work_hours_sunday": "",
    "address": "Daşkəsən rayonu, Çovdar kəndi",
    "name": "AzərGold, Çovdar kəndi",
    "working_days": [],
    "special_days": []
  },
  {
    "city_id": 38,
    "is_open": 1,
    "id": 768,
    "slug": "qusar-rayonu-pik-palace-shahdag-oteli-708",
    "is_nfc": 0,
    "cash_in": 1,
    "type": "A",
    "working_weekends": 0,
    "is_digital": 0,
    "lat": "41.318181",
    "lng": "48.135352",
    "work_hours_week": "",
    "work_hours_saturday": "",
    "work_hours_sunday": "",
    "address": "Qusar rayonu, Kuzun kəndi, Qusar-Ləzə yolunun 29-cu km",
    "name": "Qusar rayonu, Pik Palace Şahdağ Oteli",
    "working_days": [],
    "special_days": []
  },
  {
    "city_id": 37,
    "is_open": 1,
    "id": 791,
    "slug": "rixos-quba-hotel-752",
    "is_nfc": 0,
    "cash_in": 1,
    "type": "A",
    "working_weekends": 0,
    "is_digital": 0,
    "lat": "41.331675",
    "lng": "48.498553",
    "work_hours_week": "",
    "work_hours_saturday": "",
    "work_hours_sunday": "",
    "address": "Quba rayonu, Nərimanabad kəndi",
    "name": "Rixos Quba Hotel",
    "working_days": [],
    "special_days": []
  },
  {
    "city_id": 37,
    "is_open": 1,
    "id": 792,
    "slug": "quba-sheh-asan-xidmet-818",
    "is_nfc": 0,
    "cash_in": 1,
    "type": "A",
    "working_weekends": 0,
    "is_digital": 0,
    "lat": "41.364695",
    "lng": "48.555218",
    "work_hours_week": "",
    "work_hours_saturday": "",
    "work_hours_sunday": "",
    "address": "Quba şəh. H. Əliyev prospekti. ASAN Xidmət",
    "name": "Quba şəh ASAN Xidmət",
    "working_days": [],
    "special_days": []
  },
  {
    "city_id": 43,
    "is_open": 1,
    "id": 833,
    "slug": "mingecevir-asan-xidmet-873",
    "is_nfc": 0,
    "cash_in": 1,
    "type": "A",
    "working_weekends": 0,
    "is_digital": 0,
    "lat": "40.771213",
    "lng": "47.035243",
    "work_hours_week": "",
    "work_hours_saturday": "",
    "work_hours_sunday": "",
    "address": "Mingəçevir şəhəri, H.Əliyev prospekti 380",
    "name": "Mingəçevir ASAN Xidmət",
    "working_days": [],
    "special_days": []
  },
  {
    "city_id": 1,
    "is_open": 1,
    "id": 991,
    "slug": "hava-limani-karqo",
    "is_nfc": 1,
    "cash_in": 1,
    "type": "A",
    "working_weekends": 0,
    "is_digital": 0,
    "lat": "40.461414",
    "lng": "50.07073",
    "work_hours_week": "",
    "work_hours_saturday": "",
    "work_hours_sunday": "",
    "address": "Bakı şəhəri, Xəzər rayonu, Heydər Əliyev adına aeroport-Kargo",
    "name": "Hava Limanı - Kargo",
    "working_days": [],
    "special_days": []
  },
  {
    "city_id": 35,
    "is_open": 1,
    "id": 1160,
    "slug": "tufandag",
    "is_nfc": 0,
    "cash_in": 1,
    "type": "A",
    "working_weekends": 0,
    "is_digital": 0,
    "lat": "40.97971882307239",
    "lng": "47.829402777774035",
    "work_hours_week": "",
    "work_hours_saturday": "",
    "work_hours_sunday": "",
    "address": "Tufandağ, Durca kəndi",
    "name": "Tufandağ",
    "working_days": [],
    "special_days": []
  },
  {
    "city_id": 1,
    "is_open": 1,
    "id": 1161,
    "slug": "winter-park-hotel-company",
    "is_nfc": 1,
    "cash_in": 1,
    "type": "A",
    "working_weekends": 0,
    "is_digital": 0,
    "lat": "40.45351264656224",
    "lng": "49.74019896505457",
    "work_hours_week": "",
    "work_hours_saturday": "",
    "work_hours_sunday": "",
    "address": "Winter Park Hotel Company, Mirzəaga Əliyev Küçəsi",
    "name": "Winter Park Hotel Company",
    "working_days": [],
    "special_days": []
  },
  {
    "city_id": 1,
    "is_open": 1,
    "id": 1162,
    "slug": "toyota-lexus-center",
    "is_nfc": 1,
    "cash_in": 1,
    "type": "A",
    "working_weekends": 0,
    "is_digital": 0,
    "lat": "40.385596",
    "lng": "49.867889",
    "work_hours_week": "",
    "work_hours_saturday": "",
    "work_hours_sunday": "",
    "address": "Toyota Lexus Mərkəzi, Fizuli Bayramov Küçəsi",
    "name": "Toyota Lexus Mərkəzi",
    "working_days": [],
    "special_days": []
  },
  {
    "city_id": 48,
    "is_open": 1,
    "id": 1179,
    "slug": "kapital-bank-ordubad",
    "is_nfc": 0,
    "cash_in": 1,
    "type": "A",
    "working_weekends": 0,
    "is_digital": 0,
    "lat": "39.21241432",
    "lng": "45.41043413",
    "work_hours_week": "",
    "work_hours_saturday": "",
    "work_hours_sunday": "",
    "address": "Kapital Bank Ordubad flialı",
    "name": "Kapital Bank Ordubad flialı",
    "working_days": [],
    "special_days": []
  },
  {
    "city_id": 20,
    "is_open": 1,
    "id": 1180,
    "slug": "ramada-hotel",
    "is_nfc": 1,
    "cash_in": 1,
    "type": "A",
    "working_weekends": 0,
    "is_digital": 0,
    "lat": "41.142636270176574",
    "lng": "46.26504339507301",
    "work_hours_week": "",
    "work_hours_saturday": "",
    "work_hours_sunday": "",
    "address": "Ramada Hotel, Nizami Küçəsi 237",
    "name": "Ramada Hotel",
    "working_days": [],
    "special_days": []
  }
]