[
  {
    "city_id": 1,
    "is_open": 1,
    "id": 1377,
    "slug": "b-08",
    "is_nfc": 0,
    "cash_in": 0,
    "type": "B",
    "working_weekends": 0,
    "is_digital": 1,
    "lat": "40.3790725053831",
    "lng": "49.8467612895239",
    "work_hours_week": "10:00-22:00",
    "work_hours_saturday": "10:00-22:00",
    "work_hours_sunday": "10:00-22:00",
    "address": "Bakı şəhəri, Azadlıq prospekti 15a/4 (28 Mall ticarət mərkəzinin daxilində)",
    "name": "Birbank Rəqəmsal Mərkəz (28 Mall)",
    "working_days": [
      {
        "id": 2147,
        "day_of_week": 1,
        "is_open": 1,
        "open_time": "10:00",
        "close_time": "22:00",
        "has_customer_service": null,
        "customer_open_time": null,
        "customer_close_time": null,
        "location_id": 1377,
        "created_at": "2025-06-04 17:00:49",
        "updated_at": "2025-06-04 17:00:49",
        "day_of_week_name": "Bazar ertəsi"
      },
      {
        "id": 2148,
        "day_of_week": 2,
        "is_open": 1,
        "open_time": "10:00",
        "close_time": "22:00",
        "has_customer_service": null,
        "customer_open_time": null,
        "customer_close_time": null,
        "location_id": 1377,
        "created_at": "2025-06-04 17:00:49",
        "updated_at": "2025-06-04 17:00:49",
        "day_of_week_name": "Çərşənbə axşamı"
      },
      {
        "id": 2149,
        "day_of_week": 3,
        "is_open": 1,
        "open_time": "10:00",
        "close_time": "22:00",
        "has_customer_service": null,
        "customer_open_time": null,
        "customer_close_time": null,
        "location_id": 1377,
        "created_at": "2025-06-04 17:00:49",
        "updated_at": "2025-06-04 17:00:49",
        "day_of_week_name": "Çərşənbə"
      },
      {
        "id": 2150,
        "day_of_week": 4,
        "is_open": 1,
        "open_time": "10:00",
        "close_time": "22:00",
        "has_customer_service": null,
        "customer_open_time": null,
        "customer_close_time": null,
        "location_id": 1377,
        "created_at": "2025-06-04 17:00:49",
        "updated_at": "2025-06-04 17:00:49",
        "day_of_week_name": "Cümə axşamı"
      },
      {
        "id": 2151,
        "day_of_week": 5,
        "is_open": 1,
        "open_time": "10:00",
        "close_time": "22:00",
        "has_customer_service": null,
        "customer_open_time": null,
        "customer_close_time": null,
        "location_id": 1377,
        "created_at": "2025-06-04 17:00:49",
        "updated_at": "2025-06-04 17:00:49",
        "day_of_week_name": "Cümə"
      },
      {
        "id": 2152,
        "day_of_week": 6,
        "is_open": 1,
        "open_time": "10:00",
        "close_time": "22:00",
        "has_customer_service": null,
        "customer_open_time": null,
        "customer_close_time": null,
        "location_id": 1377,
        "created_at": "2025-06-04 17:00:49",
        "updated_at": "2025-06-04 17:00:49",
        "day_of_week_name": "Şənbə"
      },
      {
        "id": 2153,
        "day_of_week": 7,
        "is_open": 1,
        "open_time": "10:00",
        "close_time": "22:00",
        "has_customer_service": null,
        "customer_open_time": null,
        "customer_close_time": null,
        "location_id": 1377,
        "created_at": "2025-06-04 17:00:49",
        "updated_at": "2025-06-04 17:00:49",
        "day_of_week_name": "Bazar"
      }
    ],
    "special_days": []
  },
  {
    "city_id": 1,
    "is_open": 0,
    "id": 1378,
    "slug": "b-07",
    "is_nfc": 0,
    "cash_in": 0,
    "type": "B",
    "working_weekends": 1,
    "is_digital": 1,
    "lat": "40.40017143119143",
    "lng": "49.85266439671273",
    "work_hours_week": "10:00-22:00",
    "work_hours_saturday": "10:00-22:00",
    "work_hours_sunday": "10:00-22:00",
    "address": "Bakı şəhəri, Fətəli Xan Xoyski küçəsi 14 (Gənclik Mall ticarət mərkəzinin daxilində)",
    "name": "Birbank Rəqəmsal Mərkəz (Gənclik Mall)",
    "working_days": [
      {
        "id": 2161,
        "day_of_week": 1,
        "is_open": 1,
        "open_time": "10:00",
        "close_time": "22:00",
        "has_customer_service": null,
        "customer_open_time": null,
        "customer_close_time": null,
        "location_id": 1378,
        "created_at": "2025-06-04 17:02:35",
        "updated_at": "2025-06-04 17:02:35",
        "day_of_week_name": "Bazar ertəsi"
      },
      {
        "id": 2162,
        "day_of_week": 2,
        "is_open": 1,
        "open_time": "10:00",
        "close_time": "22:00",
        "has_customer_service": null,
        "customer_open_time": null,
        "customer_close_time": null,
        "location_id": 1378,
        "created_at": "2025-06-04 17:02:35",
        "updated_at": "2025-06-04 17:02:35",
        "day_of_week_name": "Çərşənbə axşamı"
      },
      {
        "id": 2163,
        "day_of_week": 3,
        "is_open": 1,
        "open_time": "10:00",
        "close_time": "22:00",
        "has_customer_service": null,
        "customer_open_time": null,
        "customer_close_time": null,
        "location_id": 1378,
        "created_at": "2025-06-04 17:02:35",
        "updated_at": "2025-06-04 17:02:35",
        "day_of_week_name": "Çərşənbə"
      },
      {
        "id": 2164,
        "day_of_week": 4,
        "is_open": 1,
        "open_time": "10:00",
        "close_time": "22:00",
        "has_customer_service": null,
        "customer_open_time": null,
        "customer_close_time": null,
        "location_id": 1378,
        "created_at": "2025-06-04 17:02:35",
        "updated_at": "2025-06-04 17:02:35",
        "day_of_week_name": "Cümə axşamı"
      },
      {
        "id": 2165,
        "day_of_week": 5,
        "is_open": 1,
        "open_time": "10:00",
        "close_time": "22:00",
        "has_customer_service": null,
        "customer_open_time": null,
        "customer_close_time": null,
        "location_id": 1378,
        "created_at": "2025-06-04 17:02:35",
        "updated_at": "2025-06-04 17:02:35",
        "day_of_week_name": "Cümə"
      },
      {
        "id": 2166,
        "day_of_week": 6,
        "is_open": 1,
        "open_time": "10:00",
        "close_time": "22:00",
        "has_customer_service": null,
        "customer_open_time": null,
        "customer_close_time": null,
        "location_id": 1378,
        "created_at": "2025-06-04 17:02:35",
        "updated_at": "2025-06-04 17:02:35",
        "day_of_week_name": "Şənbə"
      },
      {
        "id": 2167,
        "day_of_week": 7,
        "is_open": 1,
        "open_time": "10:00",
        "close_time": "22:00",
        "has_customer_service": null,
        "customer_open_time": null,
        "customer_close_time": null,
        "location_id": 1378,
        "created_at": "2025-06-04 17:02:35",
        "updated_at": "2025-06-04 17:02:35",
        "day_of_week_name": "Bazar"
      }
    ],
    "special_days": []
  },
  {
    "city_id": 1,
    "is_open": 0,
    "id": 1379,
    "slug": "b-14",
    "is_nfc": 0,
    "cash_in": 0,
    "type": "B",
    "working_weekends": 1,
    "is_digital": 1,
    "lat": "40.40515301282489",
    "lng": "49.87046310095197",
    "work_hours_week": "10:00-19:00",
    "work_hours_saturday": "10:00-19:00",
    "work_hours_sunday": "10:00-19:00",
    "address": "Bakı şəhəri, Ağa Nemətulla küçəsi 54 (Nəriman Nərimanov m/s yaxınlığında)",
    "name": "Birbank Rəqəmsal Mərkəz (Nərimanov)",
    "working_days": [
      {
        "id": 2182,
        "day_of_week": 1,
        "is_open": 1,
        "open_time": "10:00",
        "close_time": "19:00",
        "has_customer_service": null,
        "customer_open_time": null,
        "customer_close_time": null,
        "location_id": 1379,
        "created_at": "2025-06-04 17:04:03",
        "updated_at": "2025-06-04 17:04:03",
        "day_of_week_name": "Bazar ertəsi"
      },
      {
        "id": 2183,
        "day_of_week": 2,
        "is_open": 1,
        "open_time": "10:00",
        "close_time": "19:00",
        "has_customer_service": null,
        "customer_open_time": null,
        "customer_close_time": null,
        "location_id": 1379,
        "created_at": "2025-06-04 17:04:03",
        "updated_at": "2025-06-04 17:04:03",
        "day_of_week_name": "Çərşənbə axşamı"
      },
      {
        "id": 2184,
        "day_of_week": 3,
        "is_open": 1,
        "open_time": "10:00",
        "close_time": "19:00",
        "has_customer_service": null,
        "customer_open_time": null,
        "customer_close_time": null,
        "location_id": 1379,
        "created_at": "2025-06-04 17:04:03",
        "updated_at": "2025-06-04 17:04:03",
        "day_of_week_name": "Çərşənbə"
      },
      {
        "id": 2185,
        "day_of_week": 4,
        "is_open": 1,
        "open_time": "10:00",
        "close_time": "19:00",
        "has_customer_service": null,
        "customer_open_time": null,
        "customer_close_time": null,
        "location_id": 1379,
        "created_at": "2025-06-04 17:04:03",
        "updated_at": "2025-06-04 17:04:03",
        "day_of_week_name": "Cümə axşamı"
      },
      {
        "id": 2186,
        "day_of_week": 5,
        "is_open": 1,
        "open_time": "10:00",
        "close_time": "19:00",
        "has_customer_service": null,
        "customer_open_time": null,
        "customer_close_time": null,
        "location_id": 1379,
        "created_at": "2025-06-04 17:04:03",
        "updated_at": "2025-06-04 17:04:03",
        "day_of_week_name": "Cümə"
      },
      {
        "id": 2187,
        "day_of_week": 6,
        "is_open": 1,
        "open_time": "10:00",
        "close_time": "19:00",
        "has_customer_service": null,
        "customer_open_time": null,
        "customer_close_time": null,
        "location_id": 1379,
        "created_at": "2025-06-04 17:04:03",
        "updated_at": "2025-06-04 17:04:03",
        "day_of_week_name": "Şənbə"
      },
      {
        "id": 2188,
        "day_of_week": 7,
        "is_open": 1,
        "open_time": "10:00",
        "close_time": "19:00",
        "has_customer_service": null,
        "customer_open_time": null,
        "customer_close_time": null,
        "location_id": 1379,
        "created_at": "2025-06-04 17:04:03",
        "updated_at": "2025-06-04 17:04:03",
        "day_of_week_name": "Bazar"
      }
    ],
    "special_days": []
  },
  {
    "city_id": 1,
    "is_open": 1,
    "id": 1381,
    "slug": "rm-03",
    "is_nfc": 0,
    "cash_in": 0,
    "type": "B",
    "working_weekends": 1,
    "is_digital": 1,
    "lat": "40.358489390768895",
    "lng": "49.83694735868121",
    "work_hours_week": "10:00-22:00",
    "work_hours_saturday": "10:00-22:00",
    "work_hours_sunday": "10:00-22:00",
    "address": "Bakı şəhəri, Neftçilər prospekti 26a (Dəniz Mall ticarət mərkəzinin daxilində)",
    "name": "Birbank Rəqəmsal Mərkəz (Dəniz Mall)",
    "working_days": [
      {
        "id": 2217,
        "day_of_week": 1,
        "is_open": 1,
        "open_time": "10:00",
        "close_time": "22:00",
        "has_customer_service": null,
        "customer_open_time": null,
        "customer_close_time": null,
        "location_id": 1381,
        "created_at": "2025-06-04 17:07:49",
        "updated_at": "2025-06-04 17:07:49",
        "day_of_week_name": "Bazar ertəsi"
      },
      {
        "id": 2218,
        "day_of_week": 2,
        "is_open": 1,
        "open_time": "10:00",
        "close_time": "22:00",
        "has_customer_service": null,
        "customer_open_time": null,
        "customer_close_time": null,
        "location_id": 1381,
        "created_at": "2025-06-04 17:07:49",
        "updated_at": "2025-06-04 17:07:49",
        "day_of_week_name": "Çərşənbə axşamı"
      },
      {
        "id": 2219,
        "day_of_week": 3,
        "is_open": 1,
        "open_time": "10:00",
        "close_time": "22:00",
        "has_customer_service": null,
        "customer_open_time": null,
        "customer_close_time": null,
        "location_id": 1381,
        "created_at": "2025-06-04 17:07:49",
        "updated_at": "2025-06-04 17:07:49",
        "day_of_week_name": "Çərşənbə"
      },
      {
        "id": 2220,
        "day_of_week": 4,
        "is_open": 1,
        "open_time": "10:00",
        "close_time": "22:00",
        "has_customer_service": null,
        "customer_open_time": null,
        "customer_close_time": null,
        "location_id": 1381,
        "created_at": "2025-06-04 17:07:49",
        "updated_at": "2025-06-04 17:07:49",
        "day_of_week_name": "Cümə axşamı"
      },
      {
        "id": 2221,
        "day_of_week": 5,
        "is_open": 1,
        "open_time": "10:00",
        "close_time": "22:00",
        "has_customer_service": null,
        "customer_open_time": null,
        "customer_close_time": null,
        "location_id": 1381,
        "created_at": "2025-06-04 17:07:49",
        "updated_at": "2025-06-04 17:07:49",
        "day_of_week_name": "Cümə"
      },
      {
        "id": 2222,
        "day_of_week": 6,
        "is_open": 1,
        "open_time": "10:00",
        "close_time": "22:00",
        "has_customer_service": null,
        "customer_open_time": null,
        "customer_close_time": null,
        "location_id": 1381,
        "created_at": "2025-06-04 17:07:49",
        "updated_at": "2025-06-04 17:07:49",
        "day_of_week_name": "Şənbə"
      },
      {
        "id": 2223,
        "day_of_week": 7,
        "is_open": 1,
        "open_time": "10:00",
        "close_time": "22:00",
        "has_customer_service": null,
        "customer_open_time": null,
        "customer_close_time": null,
        "location_id": 1381,
        "created_at": "2025-06-04 17:07:49",
        "updated_at": "2025-06-04 17:07:49",
        "day_of_week_name": "Bazar"
      }
    ],
    "special_days": []
  },
  {
    "city_id": 1,
    "is_open": 1,
    "id": 1436,
    "slug": "birbank-reqemsal-merkez-mastaga",
    "is_nfc": 0,
    "cash_in": 0,
    "type": "B",
    "working_weekends": 1,
    "is_digital": 1,
    "lat": "40.529354",
    "lng": "49.998302",
    "work_hours_week": "10:00-19:00",
    "work_hours_saturday": "10:00-19:00",
    "work_hours_sunday": "10:00-19:00",
    "address": "Maştağa qəsəbəsi Axund Mirzə Abdulkərim küç. 8.",
    "name": "Birbank Rəqəmsal Mərkəz (Maştağa)",
    "working_days": [
      {
        "id": 768,
        "day_of_week": 1,
        "is_open": 1,
        "open_time": "10:00",
        "close_time": "19:00",
        "has_customer_service": null,
        "customer_open_time": null,
        "customer_close_time": null,
        "location_id": 1436,
        "created_at": "2025-06-04 15:23:14",
        "updated_at": "2025-06-04 15:23:14",
        "day_of_week_name": "Bazar ertəsi"
      },
      {
        "id": 769,
        "day_of_week": 2,
        "is_open": 1,
        "open_time": "10:00",
        "close_time": "19:00",
        "has_customer_service": null,
        "customer_open_time": null,
        "customer_close_time": null,
        "location_id": 1436,
        "created_at": "2025-06-04 15:23:14",
        "updated_at": "2025-06-04 15:23:14",
        "day_of_week_name": "Çərşənbə axşamı"
      },
      {
        "id": 770,
        "day_of_week": 3,
        "is_open": 1,
        "open_time": "10:00",
        "close_time": "19:00",
        "has_customer_service": null,
        "customer_open_time": null,
        "customer_close_time": null,
        "location_id": 1436,
        "created_at": "2025-06-04 15:23:14",
        "updated_at": "2025-06-04 15:23:14",
        "day_of_week_name": "Çərşənbə"
      },
      {
        "id": 771,
        "day_of_week": 4,
        "is_open": 1,
        "open_time": "10:00",
        "close_time": "19:00",
        "has_customer_service": null,
        "customer_open_time": null,
        "customer_close_time": null,
        "location_id": 1436,
        "created_at": "2025-06-04 15:23:14",
        "updated_at": "2025-06-04 15:23:14",
        "day_of_week_name": "Cümə axşamı"
      },
      {
        "id": 772,
        "day_of_week": 5,
        "is_open": 1,
        "open_time": "10:00",
        "close_time": "19:00",
        "has_customer_service": null,
        "customer_open_time": null,
        "customer_close_time": null,
        "location_id": 1436,
        "created_at": "2025-06-04 15:23:14",
        "updated_at": "2025-06-04 15:23:14",
        "day_of_week_name": "Cümə"
      },
      {
        "id": 773,
        "day_of_week": 6,
        "is_open": 1,
        "open_time": "10:00",
        "close_time": "19:00",
        "has_customer_service": null,
        "customer_open_time": null,
        "customer_close_time": null,
        "location_id": 1436,
        "created_at": "2025-06-04 15:23:14",
        "updated_at": "2025-06-04 15:23:14",
        "day_of_week_name": "Şənbə"
      },
      {
        "id": 774,
        "day_of_week": 7,
        "is_open": 1,
        "open_time": "10:00",
        "close_time": "19:00",
        "has_customer_service": null,
        "customer_open_time": null,
        "customer_close_time": null,
        "location_id": 1436,
        "created_at": "2025-06-04 15:23:14",
        "updated_at": "2025-06-04 15:23:14",
        "day_of_week_name": "Bazar"
      }
    ],
    "special_days": []
  },
  {
    "city_id": 1,
    "is_open": 1,
    "id": 1437,
    "slug": "birbank-reqemsal-merkez-crescent",
    "is_nfc": 0,
    "cash_in": 0,
    "type": "B",
    "working_weekends": 1,
    "is_digital": 1,
    "lat": "40.37423",
    "lng": "49.86038",
    "work_hours_week": "10:00 - 22:00",
    "work_hours_saturday": "10:00 - 22:00",
    "work_hours_sunday": "10:00 - 22:00",
    "address": "Bakı şəhəri, Nəsimi ray. Neftçilər pr. 68",
    "name": "Birbank Rəqəmsal Mərkəz (Crescent Mall)",
    "working_days": [
      {
        "id": 2714,
        "day_of_week": 1,
        "is_open": 1,
        "open_time": "10:00",
        "close_time": "22:00",
        "has_customer_service": null,
        "customer_open_time": null,
        "customer_close_time": null,
        "location_id": 1437,
        "created_at": "2025-06-05 20:04:34",
        "updated_at": "2025-06-05 20:04:34",
        "day_of_week_name": "Bazar ertəsi"
      },
      {
        "id": 2715,
        "day_of_week": 2,
        "is_open": 1,
        "open_time": "10:00",
        "close_time": "22:00",
        "has_customer_service": null,
        "customer_open_time": null,
        "customer_close_time": null,
        "location_id": 1437,
        "created_at": "2025-06-05 20:04:34",
        "updated_at": "2025-06-05 20:04:34",
        "day_of_week_name": "Çərşənbə axşamı"
      },
      {
        "id": 2716,
        "day_of_week": 3,
        "is_open": 1,
        "open_time": "10:00",
        "close_time": "22:00",
        "has_customer_service": null,
        "customer_open_time": null,
        "customer_close_time": null,
        "location_id": 1437,
        "created_at": "2025-06-05 20:04:34",
        "updated_at": "2025-06-05 20:04:34",
        "day_of_week_name": "Çərşənbə"
      },
      {
        "id": 2717,
        "day_of_week": 4,
        "is_open": 1,
        "open_time": "10:00",
        "close_time": "22:00",
        "has_customer_service": null,
        "customer_open_time": null,
        "customer_close_time": null,
        "location_id": 1437,
        "created_at": "2025-06-05 20:04:34",
        "updated_at": "2025-06-05 20:04:34",
        "day_of_week_name": "Cümə axşamı"
      },
      {
        "id": 2718,
        "day_of_week": 5,
        "is_open": 1,
        "open_time": "10:00",
        "close_time": "22:00",
        "has_customer_service": null,
        "customer_open_time": null,
        "customer_close_time": null,
        "location_id": 1437,
        "created_at": "2025-06-05 20:04:34",
        "updated_at": "2025-06-05 20:04:34",
        "day_of_week_name": "Cümə"
      },
      {
        "id": 2719,
        "day_of_week": 6,
        "is_open": 0,
        "open_time": "10:00",
        "close_time": "22:00",
        "has_customer_service": null,
        "customer_open_time": null,
        "customer_close_time": null,
        "location_id": 1437,
        "created_at": "2025-06-05 20:04:34",
        "updated_at": "2025-06-05 20:04:34",
        "day_of_week_name": "Şənbə"
      },
      {
        "id": 2720,
        "day_of_week": 7,
        "is_open": 0,
        "open_time": "10:00",
        "close_time": "22:00",
        "has_customer_service": null,
        "customer_open_time": null,
        "customer_close_time": null,
        "location_id": 1437,
        "created_at": "2025-06-05 20:04:34",
        "updated_at": "2025-06-05 20:04:34",
        "day_of_week_name": "Bazar"
      }
    ],
    "special_days": []
  },
  {
    "city_id": 20,
    "is_open": 1,
    "id": 1438,
    "slug": "birbank-reqemsal-merkez-gence",
    "is_nfc": 0,
    "cash_in": 0,
    "type": "B",
    "working_weekends": 1,
    "is_digital": 1,
    "lat": "40.677135540326354",
    "lng": "46.359483996419655",
    "work_hours_week": "10:00 - 22:00",
    "work_hours_saturday": "10:00 - 22:00",
    "work_hours_sunday": "10:00 - 22:00",
    "address": "Heydər Əliyev pr. 433,  Gəncə Mall -1ci mərtəbə",
    "name": "Birbank Rəqəmsal Mərkəz (Gəncə Mall)",
    "working_days": [
      {
        "id": 733,
        "day_of_week": 1,
        "is_open": 1,
        "open_time": "10:00",
        "close_time": "22:00",
        "has_customer_service": null,
        "customer_open_time": null,
        "customer_close_time": null,
        "location_id": 1438,
        "created_at": "2025-06-04 15:20:59",
        "updated_at": "2025-06-04 15:20:59",
        "day_of_week_name": "Bazar ertəsi"
      },
      {
        "id": 734,
        "day_of_week": 2,
        "is_open": 1,
        "open_time": "10:00",
        "close_time": "22:00",
        "has_customer_service": null,
        "customer_open_time": null,
        "customer_close_time": null,
        "location_id": 1438,
        "created_at": "2025-06-04 15:20:59",
        "updated_at": "2025-06-04 15:20:59",
        "day_of_week_name": "Çərşənbə axşamı"
      },
      {
        "id": 735,
        "day_of_week": 3,
        "is_open": 1,
        "open_time": "10:00",
        "close_time": "22:00",
        "has_customer_service": null,
        "customer_open_time": null,
        "customer_close_time": null,
        "location_id": 1438,
        "created_at": "2025-06-04 15:20:59",
        "updated_at": "2025-06-04 15:20:59",
        "day_of_week_name": "Çərşənbə"
      },
      {
        "id": 736,
        "day_of_week": 4,
        "is_open": 1,
        "open_time": "10:00",
        "close_time": "22:00",
        "has_customer_service": null,
        "customer_open_time": null,
        "customer_close_time": null,
        "location_id": 1438,
        "created_at": "2025-06-04 15:20:59",
        "updated_at": "2025-06-04 15:20:59",
        "day_of_week_name": "Cümə axşamı"
      },
      {
        "id": 737,
        "day_of_week": 5,
        "is_open": 1,
        "open_time": "10:00",
        "close_time": "22:00",
        "has_customer_service": null,
        "customer_open_time": null,
        "customer_close_time": null,
        "location_id": 1438,
        "created_at": "2025-06-04 15:20:59",
        "updated_at": "2025-06-04 15:20:59",
        "day_of_week_name": "Cümə"
      },
      {
        "id": 738,
        "day_of_week": 6,
        "is_open": 1,
        "open_time": "10:00",
        "close_time": "22:00",
        "has_customer_service": null,
        "customer_open_time": null,
        "customer_close_time": null,
        "location_id": 1438,
        "created_at": "2025-06-04 15:20:59",
        "updated_at": "2025-06-04 15:20:59",
        "day_of_week_name": "Şənbə"
      },
      {
        "id": 739,
        "day_of_week": 7,
        "is_open": 1,
        "open_time": "10:00",
        "close_time": "22:00",
        "has_customer_service": null,
        "customer_open_time": null,
        "customer_close_time": null,
        "location_id": 1438,
        "created_at": "2025-06-04 15:20:59",
        "updated_at": "2025-06-04 15:20:59",
        "day_of_week_name": "Bazar"
      }
    ],
    "special_days": []
  }
]