{
    "ValCurs": {
        "Date": "05.06.2025",
        "Name": "AZN məzənnələri",
        "Description": "Azərbaycan Respublikası Mərkəzi Bankının 05.06.2025 tarixdən etibarən xarici valyutaların və bank metallarının Azərbaycan manatına qarşı rəsmi məzənnələri bülleteni",
        "ValType": [
            {
                "Type": "Bank metalları",
                "Valute": [
                    {
                        "Code": "XPD",
                        "Nominal": "1 t.u.",
                        "Name": "Palladium",
                        "Value": "1701.7"
                    },
                    {
                        "Code": "XPT",
                        "Nominal": "1 t.u.",
                        "Name": "Platin",
                        "Value": "1867.7135"
                    },
                    {
                        "Code": "XAG",
                        "Nominal": "1 t.u.",
                        "Name": "Gümüş",
                        "Value": "58.6002"
                    },
                    {
                        "Code": "XAU",
                        "Nominal": "1 t.u.",
                        "Name": "Qızıl",
                        "Value": "5726.7475"
                    }
                ]
            },
            {
                "Type": "Xarici valyutalar",
                "Valute": [
                    {
                        "Code": "USD",
                        "Nominal": "1",
                        "Name": "1 ABŞ dolları",
                        "Value": "1.7"
                    },
                    {
                        "Code": "EUR",
                        "Nominal": "1",
                        "Name": "1 Avro",
                        "Value": "1.94"
                    },
                    {
                        "Code": "AUD",
                        "Nominal": "1",
                        "Name": "1 Avstraliya dolları",
                        "Value": "1.1038"
                    },
                    {
                        "Code": "BYN",
                        "Nominal": "1",
                        "Name": "1 Belarus rublu",
                        "Value": "0.5655"
                    },
                    {
                        "Code": "BGN",
                        "Nominal": "1",
                        "Name": "1 Bolqarıstan levi",
                        "Value": "0.9922"
                    },
                    {
                        "Code": "AED",
                        "Nominal": "1",
                        "Name": "1 BƏƏ dirhəmi",
                        "Value": "0.4628"
                    },
                    {
                        "Code": "KRW",
                        "Nominal": "100",
                        "Name": "100 Cənubi Koreya vonu",
                        "Value": "0.1252"
                    },
                    {
                        "Code": "CZK",
                        "Nominal": "1",
                        "Name": "1 Çexiya kronu",
                        "Value": "0.0782"
                    },
                    {
                        "Code": "CNY",
                        "Nominal": "1",
                        "Name": "1 Çin yuanı",
                        "Value": "0.2367"
                    },
                    {
                        "Code": "DKK",
                        "Nominal": "1",
                        "Name": "1 Danimarka kronu",
                        "Value": "0.2601"
                    },
                    {
                        "Code": "GEL",
                        "Nominal": "1",
                        "Name": "1 Gürcü larisi",
                        "Value": "0.6233"
                    },
                    {
                        "Code": "HKD",
                        "Nominal": "1",
                        "Name": "1 Honq Konq dolları",
                        "Value": "0.2167"
                    },
                    {
                        "Code": "INR",
                        "Nominal": "1",
                        "Name": "1 Hindistan rupisi",
                        "Value": "0.0198"
                    },
                    {
                        "Code": "GBP",
                        "Nominal": "1",
                        "Name": "1 İngilis funt sterlinqi",
                        "Value": "2.3031"
                    },
                    {
                        "Code": "IRR",
                        "Nominal": "10000",
                        "Name": "10000 İran rialı",
                        "Value": "0.0271"
                    },
                    {
                        "Code": "SEK",
                        "Nominal": "1",
                        "Name": "1 İsveç kronu",
                        "Value": "0.1773"
                    },
                    {
                        "Code": "CHF",
                        "Nominal": "1",
                        "Name": "1 İsveçrə frankı",
                        "Value": "2.0757"
                    },
                    {
                        "Code": "ILS",
                        "Nominal": "1",
                        "Name": "1 İsrail şekeli",
                        "Value": "0.4879"
                    },
                    {
                        "Code": "CAD",
                        "Nominal": "1",
                        "Name": "1 Kanada dolları",
                        "Value": "1.2428"
                    },
                    {
                        "Code": "KWD",
                        "Nominal": "1",
                        "Name": "1 Küveyt dinarı",
                        "Value": "5.5506"
                    },
                    {
                        "Code": "KZT",
                        "Nominal": "100",
                        "Name": "100 Qazaxıstan tengəsi",
                        "Value": "0.3333"
                    },
                    {
                        "Code": "QAR",
                        "Nominal": "1",
                        "Name": "1 Qətər rialı",
                        "Value": "0.4664"
                    },
                    {
                        "Code": "KGS",
                        "Nominal": "1",
                        "Name": "1 Qırğız somu",
                        "Value": "0.0195"
                    },
                    {
                        "Code": "HUF",
                        "Nominal": "100",
                        "Name": "100 Macarıstan forinti",
                        "Value": "0.4813"
                    },
                    {
                        "Code": "MDL",
                        "Nominal": "1",
                        "Name": "1 Moldova leyi",
                        "Value": "0.0986"
                    },
                    {
                        "Code": "NOK",
                        "Nominal": "1",
                        "Name": "1 Norveç kronu",
                        "Value": "0.1681"
                    },
                    {
                        "Code": "UZS",
                        "Nominal": "100",
                        "Name": "100 Özbək somu",
                        "Value": "0.0132"
                    },
                    {
                        "Code": "PKR",
                        "Nominal": "100",
                        "Name": "100 Pakistan rupisi",
                        "Value": "0.6023"
                    },
                    {
                        "Code": "PLN",
                        "Nominal": "1",
                        "Name": "1 Polşa zlotısı",
                        "Value": "0.4532"
                    },
                    {
                        "Code": "RON",
                        "Nominal": "1",
                        "Name": "1 Rumıniya leyi",
                        "Value": "0.3845"
                    },
                    {
                        "Code": "RUB",
                        "Nominal": "100",
                        "Name": "100 Rusiya rublu",
                        "Value": "2.1438"
                    },
                    {
                        "Code": "RSD",
                        "Nominal": "1",
                        "Name": "1 Serbiya dinarı",
                        "Value": "0.0165"
                    },
                    {
                        "Code": "SGD",
                        "Nominal": "1",
                        "Name": "1 Sinqapur dolları",
                        "Value": "1.3211"
                    },
                    {
                        "Code": "SAR",
                        "Nominal": "1",
                        "Name": "1 Səudiyyə Ərəbistanı rialı",
                        "Value": "0.4533"
                    },
                    {
                        "Code": "SDR",
                        "Nominal": "1",
                        "Name": "1 SDR (BVF-nin xüsusi borcalma hüquqları)",
                        "Value": "2.3106"
                    },
                    {
                        "Code": "TRY",
                        "Nominal": "1",
                        "Name": "1 Türk lirəsi",
                        "Value": "0.0432"
                    },
                    {
                        "Code": "TMT",
                        "Nominal": "1",
                        "Name": "1 Türkmənistan manatı",
                        "Value": "0.4857"
                    },
                    {
                        "Code": "UAH",
                        "Nominal": "1",
                        "Name": "1 Ukrayna qrivnası",
                        "Value": "0.0409"
                    },
                    {
                        "Code": "JPY",
                        "Nominal": "100",
                        "Name": "100 Yapon yeni",
                        "Value": "1.1886"
                    },
                    {
                        "Code": "NZD",
                        "Nominal": "1",
                        "Name": "1 Yeni Zelandiya dolları",
                        "Value": "1.0255"
                    }
                ]
            }
        ]
    }
}